{
  "swagger": "2.0",
  "info": {
    "version": "",
    "title": "Email Service",
    "description": ""
  },
  "host": "localhost:3300",
  "schemes": [
    "http"
  ],
  "paths": {
    "/send-mail": {
      "post": {
        "operationId": "send_mail",
        "summary": "This is an API for sending mail to user. It consists of attachments array which can be used to send files as attachments. Its maximum limit is 10. In this example only a single file can be send as attachment.",
        "consumes": [
          "multipart/form-data"
        ],
        "produces": [
          "application/json"
        ],
        "parameters": [
          {
            "name": "from",
            "in": "formData",
            "required": true,
            "type": "string"
          },
          {
            "name": "to",
            "in": "formData",
            "required": true,
            "type": "string"
          },
          {
            "name": "subject",
            "in": "formData",
            "required": true,
            "type": "string"
          },
          {
            "name": "message",
            "in": "formData",
            "required": true,
            "type": "string"
          },
          {
            "name": "attachments",
            "in": "formData",
            "type": "file"
          }
        ],
        "responses": {
          "200": {
            "description": "",
            "schema": {
              "type": "object",
              "properties": {
                "status": {
                  "type": "boolean"
                },
                "message": {
                  "type": "string"
                }
              }
            },
            "examples": {
              "application/json": {
                "status": true,
                "message": "Mail send"
              }
            }
          },
          "500": {
            "description": "",
            "schema": {
              "type": "object",
              "properties": {
                "status": {
                  "type": "boolean"
                },
                "message": {
                  "type": "string"
                }
              }
            },
            "examples": {
              "application/json": {
                "status": false,
                "message": "Mail cannot be send"
              }
            }
          }
        }
      }
    }
  },
  "definitions": {}
}
