{
  "defaultEnv": "development",
  "sql-file": true,
  "development": {
      "driver": "mysql",
      "multipleStatements": true,
      "host": {
          "ENV": "DEVELOPMENT_SYNTHESIS_MESSAGECENTRE_DB_HOST"
      },
      "database": {
          "ENV": "DEVELOPMENT_SYNTHESIS_MESSAGECENTRE_DB_NAME"
      },
      "user": {
          "ENV": "DEVELOPMENT_SYNTHESIS_MESSAGECENTRE_DB_USER"
      },
      "password": {
          "ENV": "DEVELOPMENT_SYNTHESIS_MESSAGECENTRE_DB_PASS"
      }
  },
  "testing": {
      "driver": "mysql",
      "multipleStatements": true,
      "host": {
          "ENV": "TESTING_SYNTHESIS_MESSAGECENTRE_DB_HOST"
      },
      "database": {
          "ENV": "TESTING_SYNTHESIS_MESSAGECENTRE_DB_NAME"
      },
      "user": {
          "ENV": "TESTING_SYNTHESIS_MESSAGECENTRE_DB_USER"
      },
      "password": {
          "ENV": "TESTING_SYNTHESIS_MESSAGECENTRE_DB_PASS"
      }
  },
  "staging": {
      "driver": "mysql",
      "multipleStatements": true,
      "host": {
          "ENV": "STAGING_SYNTHESIS_MESSAGECENTRE_DB_HOST"
      },
      "database": {
          "ENV": "STAGING_SYNTHESIS_MESSAGECENTRE_DB_NAME"
      },
      "user": {
          "ENV": "STAGING_SYNTHESIS_MESSAGECENTRE_DB_USER"
      },
      "password": {
          "ENV": "STAGING_SYNTHESIS_MESSAGECENTRE_DB_PASS"
      }
  },
  "production": {
      "driver": "mysql",
      "multipleStatements": true,
      "host": {
          "ENV": "PRODUCTION_SYNTHESIS_MESSAGECENTRE_DB_HOST"
      },
      "database": {
          "ENV": "PRODUCTION_SYNTHESIS_MESSAGECENTRE_DB_NAME"
      },
      "user": {
          "ENV": "PRODUCTION_SYNTHESIS_MESSAGECENTRE_DB_USER"
      },
      "password": {
          "ENV": "PRODUCTION_SYNTHESIS_MESSAGECENTRE_DB_PASS"
      }
  }
}
