{
  "swagger": "2.0",
  "info": {
    "version": "",
    "title": "File Storage Service",
    "description": ""
  },
  "host": "localhost:3000",
  "schemes": [
    "http"
  ],
  "paths": {
    "/file-info": {
      "get": {
        "operationId": "file_info",
        "summary": "Get details of a file",
        "consumes": [
          "application/x-www-form-urlencoded"
        ],
        "produces": [
          "application/json"
        ],
        "parameters": [
          {
            "name": "file",
            "in": "query",
            "required": true,
            "type": "string"
          }
        ],
        "responses": {
          "200": {
            "description": "",
            "schema": {
              "type": "object",
              "properties": {
                "status": {
                  "type": "boolean"
                },
                "message": {
                  "type": "string"
                },
                "fileDetails": {
                  "type": "object",
                  "properties": {
                    "minioFileId": {
                      "type": "string"
                    },
                    "asergisPopId": {
                      "type": "string"
                    },
                    "fileSize": {
                      "type": "string"
                    },
                    "dateCreated": {
                      "type": "string"
                    },
                    "uploadedBy": {
                      "type": "string"
                    },
                    "lastAccessed": {
                      "type": "string"
                    }
                  }
                }
              }
            },
            "examples": {
              "application/json": {
                "status": true,
                "message": "File details retrieved successfully",
                "fileDetails": {
                  "minioFileId": "6c5f0020-c088-11e7-99f3-33f815f4c9d8.png",
                  "asergisPopId": "India",
                  "fileSize": "7324",
                  "dateCreated": "November 3rd 2017, 4:46:23 pm",
                  "uploadedBy": "anmol",
                  "lastAccessed": "November 3rd 2017, 4:46:23 pm"
                }
              }
            }
          },
          "404": {
            "description": "",
            "schema": {
              "type": "object",
              "properties": {
                "status": {
                  "type": "boolean"
                },
                "message": {
                  "type": "string"
                }
              }
            },
            "examples": {
              "application/json": {
                "status": false,
                "message": "File not found"
              }
            }
          },
          "500": {
            "description": "",
            "schema": {
              "type": "object",
              "properties": {
                "status": {
                  "type": "boolean"
                },
                "message": {
                  "type": "string"
                }
              }
            },
            "examples": {
              "application/json": {
                "status": false,
                "message": "Files details cannot be retrieved"
              }
            }
          }
        }
      }
    },
    "/file-delete": {
      "delete": {
        "operationId": "file_delete",
        "summary": "Delete an uploaded file",
        "consumes": [
          "application/x-www-form-urlencoded"
        ],
        "produces": [
          "application/json"
        ],
        "parameters": [
          {
            "name": "file",
            "in": "formData",
            "required": true,
            "type": "string"
          }
        ],
        "responses": {
          "200": {
            "description": "",
            "schema": {
              "type": "object",
              "properties": {
                "status": {
                  "type": "boolean"
                },
                "message": {
                  "type": "string"
                }
              }
            },
            "examples": {
              "application/json": {
                "status": true,
                "message": "File deleted successfully"
              }
            }
          },
          "404": {
            "description": "",
            "schema": {
              "type": "object",
              "properties": {
                "status": {
                  "type": "boolean"
                },
                "messgage": {
                  "type": "string"
                }
              }
            },
            "examples": {
              "application/json": {
                "status": false,
                "messgage": "File not found"
              }
            }
          },
          "500": {
            "description": "",
            "schema": {
              "type": "object",
              "properties": {
                "status": {
                  "type": "boolean"
                },
                "message": {
                  "type": "string"
                }
              }
            },
            "examples": {
              "application/json": {
                "status": false,
                "message": "File cannot be deleted"
              }
            }
          }
        }
      }
    },
    "/file-get": {
      "get": {
        "operationId": "file_get",
        "summary": "Get url of a file",
        "consumes": [
          "application/x-www-form-urlencoded"
        ],
        "produces": [
          "application/json"
        ],
        "parameters": [
          {
            "name": "file",
            "in": "query",
            "required": true,
            "type": "string"
          }
        ],
        "responses": {
          "200": {
            "description": "",
            "schema": {
              "type": "object",
              "properties": {
                "status": {
                  "type": "boolean"
                },
                "message": {
                  "type": "string"
                },
                "url": {
                  "type": "string"
                }
              }
            },
            "examples": {
              "application/json": {
                "status": true,
                "message": "File url retreived",
                "url": "http://minio.pwg.asergis.net:9900/development/6c5f0020-c088-11e7-99f3-33f815f4c9d8.png?X-Amz-Algorithm=AWS4-HMAC-SHA256&X-Amz-Credential=THISISFODNN7FORTESTING%2F20171103%2Fus-east-1%2Fs3%2Faws4_request&X-Amz-Date=20171103T111641Z&X-Amz-Expires=86400&X-Amz-SignedHeaders=host&X-Amz-Signature=8ae30758979cf1695e2fc2e8dddb3cd6a58d38284450bc0113a230a6fb0cb7c9"
              }
            }
          },
          "404": {
            "description": "",
            "schema": {
              "type": "object",
              "properties": {
                "status": {
                  "type": "boolean"
                },
                "message": {
                  "type": "string"
                }
              }
            },
            "examples": {
              "application/json": {
                "status": false,
                "message": "File not found"
              }
            }
          },
          "500": {
            "description": "",
            "schema": {
              "type": "object",
              "properties": {
                "status": {
                  "type": "boolean"
                },
                "message": {
                  "type": "string"
                }
              }
            },
            "examples": {
              "application/json": {
                "status": false,
                "message": "File url cannot be retrieved"
              }
            }
          }
        }
      }
    },
    "/file-upload": {
      "post": {
        "operationId": "file_upload",
        "summary": "Upload a file",
        "consumes": [
          "multipart/form-data"
        ],
        "produces": [
          "application/json"
        ],
        "parameters": [
          {
            "name": "file",
            "in": "formData",
            "required": true,
            "type": "file"
          }
        ],
        "responses": {
          "200": {
            "description": "",
            "schema": {
              "type": "object",
              "properties": {
                "status": {
                  "type": "boolean"
                },
                "message": {
                  "type": "string"
                }
              }
            },
            "examples": {
              "application/json": {
                "status": true,
                "message": "File uploaded successfully"
              }
            }
          },
          "500": {
            "description": "",
            "schema": {
              "type": "object",
              "properties": {
                "status": {
                  "type": "boolean"
                },
                "message": {
                  "type": "string"
                }
              }
            },
            "examples": {
              "application/json": {
                "status": false,
                "message": "File cannot be uploaded"
              }
            }
          }
        }
      }
    }
  },
  "definitions": {}
}
