{
  "defaultEnv": "development",
  "sql-file": true,
  "development": {
    "driver": "mysql",
    "multipleStatements": true,
    "host": {
      "ENV": "DEVELOPMENT_SYNTHESIS_FILES_DB_HOST"
    },
    "user": {
      "ENV": "DEVELOPMENT_SYNTHESIS_FILES_DB_USER"
    },
    "password": {
      "ENV": "DEVELOPMENT_SYNTHESIS_FILES_DB_PASS"
    },
    "database": {
      "ENV": "DEVELOPMENT_SYNTHESIS_FILES_DB_NAME"
    }
  },
  "testing": {
    "driver": "mysql",
    "multipleStatements": true,
    "host": {
      "ENV": "TESTING_SYNTHESIS_FILES_DB_HOST"
    },
    "user": {
      "ENV": "TESTING_SYNTHESIS_FILES_DB_USER"
    },
    "password": {
      "ENV": "TESTING_SYNTHESIS_FILES_DB_PASS"
    },
    "database": {
      "ENV": "TESTING_SYNTHESIS_FILES_DB_NAME"
    }
  },
  "staging": {
    "driver": "mysql",
    "multipleStatements": true,
    "host": {
      "ENV": "STAGING_SYNTHESIS_FILES_DB_HOST"
    },
    "user": {
      "ENV": "STAGING_SYNTHESIS_FILES_DB_USER"
    },
    "password": {
      "ENV": "STAGING_SYNTHESIS_FILES_DB_PASS"
    },
    "database": {
      "ENV": "STAGING_SYNTHESIS_FILES_DB_NAME"
    }
  },
  "production": {
    "driver": "mysql",
    "multipleStatements": true,
    "host": {
      "ENV": "PRODUCTION_SYNTHESIS_FILES_DB_HOST"
    },
    "user": {
      "ENV": "PRODUCTION_SYNTHESIS_FILES_DB_USER"
    },
    "password": {
      "ENV": "PRODUCTION_SYNTHESIS_FILES_DB_PASS"
    },
    "database": {
      "ENV": "PRODUCTION_SYNTHESIS_FILES_DB_NAME"
    }
  }
}
